{
    "object":{
        "tag_customer": {
            "element": "['idtag', 'idcustomer']",
            "title": "TAG",
            "database": "mysql-1"
        },
        "note_customer": {
            "element": "['iscustomer', 'content', create_at]",
            "title": "TAG",
            "database": "mysql-1"
        },
        "tag": {
            "element": "['name', 'content']",
            "title": "TAG",
            "database": "mysql-1"
        },
        "customer": {
            "element": "['name','note']",
            "title": "CUSTOMER",
            "database": "mysql-1"
        }
    },
    "database":{
        "mysql-1":{
            "host": "localhost",
            "port": "3306",
            "user": "root",
            "password": "asrkpvg7",
            "database": "face"
        },
        "mysql-2":{
            "host": "localhost",
            "port": "3306",
            "user": "root",
            "password": "asrkpvg7",
            "database": "banhang"
        }
    }
}